epoch,loss,val_loss
0,30.119185206766176,0.06406196994850269
1,0.1867980344755815,0.055776673154189035
2,0.1496337619748446,0.06011490753063789
