epoch,loss,val_loss
0,0.15334676788536025,0.05750987918512656
1,0.09821511074826492,0.03726948530293337
2,0.09557673402723685,0.03782346726644157
